Count_Thread,Time
8,45.50778269767761
8,49.666743755340576
8,48.61348986625672
8,43.88763642311096
8,46.06673622131348
8,40.96244478225708
8,43.17514777183533
8,39.80536246299744
