Count_Thread,Time
11,62.700586557388306
12,43.26531744003296
13,42.10398507118225
14,47.489169120788574
15,45.377362966537476
16,42.94968008995056
